sim_time,node,is_attacker,f1_pkt_rate,f2_mean_rate,f3_burst_ratio,f4_rate_change,f5_rate_trend,f6_flow_duration,f7_activity_ratio,f8_cell_zscore,f9_consecutive,f10_peak_rate
1.0,ue[0],0,0.011,0.009,0.061111,0.004,0.5,0.0,1.0,0.230713,0.066667,0.011
1.0,ue[1],0,0.01,0.007,0.071429,0.006,0.5,0.0,1.0,0.159724,0.066667,0.01
1.0,ue[2],0,0.005,0.004,0.0625,0.002,0.5,0.0,1.0,0.0,0.066667,0.005
1.0,ue[3],0,0.009,0.0075,0.06,0.003,0.5,0.0,1.0,0.088736,0.066667,0.009
1.0,ue[4],0,0.007,0.0095,0.036842,0.005,0.5,0.0,1.0,0.0,0.066667,0.012
1.0,attacker[0],1,0.01,0.005,0.1,0.01,0.5,0.0,0.5,0.159724,0.033333,0.01
1.0,attacker[1],1,0.008,0.004,0.1,0.008,0.5,0.0,0.5,0.017747,0.033333,0.008
1.0,attacker[2],1,0.002,0.001,0.1,0.002,0.5,0.0,0.5,0.0,0.033333,0.002
2.0,ue[0],0,0.007,0.008333,0.042,0.004,0.5,0.003333,1.0,0.0,0.1,0.011
2.0,ue[1],0,0.01,0.008,0.0625,0.0,0.5,0.003333,1.0,0.0,0.1,0.01
2.0,ue[2],0,0.013,0.007,0.092857,0.008,0.5,0.003333,1.0,0.0,0.1,0.013
2.0,ue[3],0,0.013,0.009333,0.069643,0.004,0.5,0.003333,1.0,0.0,0.1,0.013
2.0,ue[4],0,0.01,0.009667,0.051724,0.003,0.5,0.003333,1.0,0.0,0.1,0.012
2.0,attacker[0],1,0.018,0.009333,0.096429,0.008,0.5,0.003333,0.666667,0.13808,0.066667,0.018
2.0,attacker[1],1,0.029,0.012333,0.117568,0.021,0.5,0.003333,0.666667,0.449645,0.066667,0.029
2.0,attacker[2],1,0.005,0.002333,0.107143,0.003,0.5,0.003333,0.666667,0.0,0.066667,0.005
3.0,ue[0],0,0.01,0.00875,0.057143,0.003,0.5,0.006667,1.0,0.0,0.133333,0.011
3.0,ue[1],0,0.008,0.008,0.05,0.002,0.5,0.006667,1.0,0.0,0.133333,0.01
3.0,ue[2],0,0.008,0.00725,0.055172,0.005,0.5,0.006667,1.0,0.0,0.133333,0.013
3.0,ue[3],0,0.005,0.00825,0.030303,0.008,0.5,0.006667,1.0,0.0,0.133333,0.013
3.0,ue[4],0,0.019,0.012,0.079167,0.009,0.5,0.006667,1.0,0.255411,0.133333,0.019
3.0,attacker[0],1,0.015,0.01075,0.069767,0.003,0.5,0.006667,0.75,0.104056,0.1,0.018
3.0,attacker[1],1,0.012,0.01225,0.04898,0.017,0.5,0.006667,0.75,0.0,0.1,0.029
3.0,attacker[2],1,0.021,0.007,0.15,0.016,0.5,0.006667,0.75,0.331089,0.1,0.021
4.0,ue[0],0,0.008,0.0086,0.046512,0.002,0.500333,0.01,1.0,0.0,0.166667,0.011
4.0,ue[1],0,0.008,0.008,0.05,0.0,0.5,0.01,1.0,0.0,0.166667,0.01
4.0,ue[2],0,0.015,0.0088,0.085227,0.007,0.50225,0.01,1.0,0.026968,0.166667,0.015
4.0,ue[3],0,0.014,0.0094,0.074468,0.009,0.500083,0.01,1.0,0.0,0.166667,0.014
4.0,ue[4],0,0.014,0.0124,0.056452,0.005,0.503417,0.01,1.0,0.0,0.166667,0.019
4.0,attacker[0],1,0.02,0.0126,0.079365,0.005,0.504083,0.01,0.8,0.242712,0.133333,0.02
4.0,attacker[1],1,0.022,0.0142,0.077465,0.01,0.502333,0.01,0.8,0.329009,0.133333,0.029
4.0,attacker[2],1,0.014,0.0084,0.083333,0.007,0.507583,0.01,0.8,0.0,0.133333,0.021
5.0,ue[0],0,0.006,0.008167,0.036735,0.002,0.498833,0.013333,1.0,0.0,0.2,0.011
5.0,ue[1],0,0.017,0.0095,0.089474,0.009,0.501583,0.013333,1.0,0.248069,0.2,0.017
5.0,ue[2],0,0.01,0.009,0.055556,0.005,0.501917,0.013333,1.0,0.0,0.2,0.015
5.0,ue[3],0,0.01,0.0095,0.052632,0.004,0.5015,0.013333,1.0,0.0,0.2,0.014
5.0,ue[4],0,0.01,0.012,0.041667,0.004,0.5,0.013333,1.0,0.0,0.2,0.019
5.0,attacker[0],1,0.014,0.012833,0.054545,0.006,0.501333,0.013333,0.833333,0.099228,0.166667,0.02
5.0,attacker[1],1,0.019,0.015,0.063333,0.003,0.502083,0.013333,0.833333,0.347297,0.166667,0.029
5.0,attacker[2],1,0.01,0.008667,0.057692,0.004,0.501333,0.013333,0.833333,0.0,0.166667,0.021
6.0,ue[0],0,0.006,0.007857,0.038182,0.0,0.498833,0.016667,1.0,0.0,0.233333,0.011
6.0,ue[1],0,0.009,0.009429,0.047727,0.008,0.502167,0.016667,1.0,0.0,0.233333,0.017
6.0,ue[2],0,0.006,0.008571,0.035,0.004,0.498,0.016667,1.0,0.0,0.233333,0.015
6.0,ue[3],0,0.01,0.009571,0.052239,0.0,0.499667,0.016667,1.0,0.0,0.233333,0.014
6.0,ue[4],0,0.011,0.011857,0.046386,0.001,0.498083,0.016667,1.0,0.0,0.233333,0.019
6.0,attacker[0],1,0.02,0.013857,0.072165,0.006,0.499667,0.016667,0.857143,0.269408,0.2,0.02
6.0,attacker[1],1,0.02,0.015714,0.063636,0.001,0.49925,0.016667,0.857143,0.269408,0.2,0.029
6.0,attacker[2],1,0.018,0.01,0.09,0.008,0.500333,0.016667,0.857143,0.197566,0.2,0.021
7.0,ue[0],0,0.016,0.008875,0.090141,0.01,0.5015,0.02,1.0,0.16868,0.266667,0.016
7.0,ue[1],0,0.013,0.009875,0.065823,0.004,0.5,0.02,1.0,0.038089,0.266667,0.017
7.0,ue[2],0,0.009,0.008625,0.052174,0.003,0.49825,0.02,1.0,0.0,0.266667,0.015
7.0,ue[3],0,0.007,0.00925,0.037838,0.003,0.499417,0.02,1.0,0.0,0.266667,0.014
7.0,ue[4],0,0.013,0.012,0.054167,0.002,0.498833,0.02,1.0,0.038089,0.266667,0.019
7.0,attacker[0],1,0.005,0.01275,0.019608,0.015,0.498083,0.02,0.875,0.0,0.233333,0.02
7.0,attacker[1],1,0.02,0.01625,0.061538,0.0,0.501167,0.02,0.875,0.342802,0.233333,0.029
7.0,attacker[2],1,0.014,0.0105,0.066667,0.004,0.5005,0.02,0.875,0.081619,0.233333,0.021
8.0,ue[0],0,0.017,0.009778,0.086932,0.001,0.504917,0.023333,1.0,0.080403,0.3,0.017
8.0,ue[1],0,0.015,0.010444,0.071809,0.002,0.501333,0.023333,1.0,0.0,0.3,0.017
8.0,ue[2],0,0.011,0.008889,0.061875,0.002,0.499833,0.023333,1.0,0.0,0.3,0.015
8.0,ue[3],0,0.011,0.009444,0.058235,0.004,0.498833,0.023333,1.0,0.0,0.3,0.014
8.0,ue[4],0,0.006,0.011333,0.026471,0.007,0.498917,0.023333,1.0,0.0,0.3,0.019
8.0,attacker[0],1,0.019,0.013444,0.070661,0.014,0.497,0.023333,0.888889,0.160806,0.266667,0.02
8.0,attacker[1],1,0.022,0.016889,0.065132,0.002,0.500333,0.023333,0.888889,0.281411,0.266667,0.029
8.0,attacker[2],1,0.019,0.011444,0.08301,0.005,0.50125,0.023333,0.888889,0.160806,0.266667,0.021
9.0,ue[0],0,0.01,0.0098,0.05102,0.007,0.502083,0.026667,1.0,0.0,0.333333,0.017
9.0,ue[1],0,0.01,0.0104,0.048077,0.005,0.49975,0.026667,1.0,0.0,0.333333,0.017
9.0,ue[2],0,0.012,0.0092,0.065217,0.001,0.501583,0.026667,1.0,0.0,0.333333,0.015
9.0,ue[3],0,0.013,0.0098,0.066327,0.002,0.5015,0.026667,1.0,0.0,0.333333,0.014
9.0,ue[4],0,0.014,0.0116,0.060345,0.008,0.499333,0.026667,1.0,0.0,0.333333,0.019
9.0,attacker[0],1,0.023,0.0144,0.079861,0.004,0.504,0.026667,0.9,0.428393,0.3,0.023
9.0,attacker[1],1,0.014,0.0166,0.042169,0.008,0.499167,0.026667,0.9,0.0,0.3,0.029
9.0,attacker[2],1,0.018,0.0121,0.07438,0.001,0.50225,0.026667,0.9,0.183597,0.3,0.021
10.0,ue[0],0,0.018,0.0109,0.082569,0.008,0.5005,0.03,1.0,0.168655,0.366667,0.018
10.0,ue[1],0,0.011,0.0111,0.04955,0.001,0.499083,0.03,1.0,0.0,0.366667,0.017
10.0,ue[2],0,0.009,0.0098,0.045918,0.003,0.500917,0.03,1.0,0.0,0.366667,0.015
10.0,ue[3],0,0.01,0.0102,0.04902,0.003,0.501083,0.03,1.0,0.0,0.366667,0.014
10.0,ue[4],0,0.009,0.0113,0.039823,0.005,0.50075,0.03,1.0,0.0,0.366667,0.019
10.0,attacker[0],1,0.023,0.0167,0.068862,0.0,0.504167,0.03,0.909091,0.379473,0.333333,0.023
10.0,attacker[1],1,0.016,0.0182,0.043956,0.002,0.497167,0.03,0.909091,0.084327,0.333333,0.029
10.0,attacker[2],1,0.016,0.0137,0.058394,0.002,0.5,0.03,0.909091,0.084327,0.333333,0.021
11.0,ue[0],0,0.01,0.0108,0.046296,0.008,0.499833,0.033333,1.0,0.0,0.4,0.018
11.0,ue[1],0,0.008,0.0109,0.036697,0.003,0.498417,0.033333,1.0,0.0,0.4,0.017
11.0,ue[2],0,0.012,0.0105,0.057143,0.003,0.499917,0.033333,1.0,0.0,0.4,0.015
11.0,ue[3],0,0.013,0.0106,0.061321,0.003,0.500583,0.033333,1.0,0.01149,0.4,0.014
11.0,ue[4],0,0.007,0.0113,0.030973,0.002,0.4985,0.033333,1.0,0.0,0.4,0.019
11.0,attacker[0],1,0.021,0.0178,0.058989,0.002,0.503167,0.033333,0.916667,0.37916,0.366667,0.023
11.0,attacker[1],1,0.014,0.0188,0.037234,0.002,0.498167,0.033333,0.916667,0.057448,0.366667,0.029
11.0,attacker[2],1,0.017,0.0152,0.055921,0.001,0.49975,0.033333,0.916667,0.195325,0.366667,0.021
12.0,ue[0],0,0.011,0.0112,0.049107,0.001,0.49775,0.036667,1.0,0.0,0.433333,0.018
12.0,ue[1],0,0.012,0.0111,0.054054,0.004,0.499,0.036667,1.0,0.0,0.433333,0.017
12.0,ue[2],0,0.015,0.0107,0.070093,0.003,0.501417,0.036667,1.0,0.021567,0.433333,0.015
12.0,ue[3],0,0.011,0.0104,0.052885,0.002,0.500333,0.036667,1.0,0.0,0.433333,0.014
12.0,ue[4],0,0.009,0.0112,0.040179,0.002,0.499167,0.036667,1.0,0.0,0.433333,0.019
12.0,attacker[0],1,0.019,0.0179,0.053073,0.002,0.499167,0.036667,0.923077,0.194099,0.4,0.023
12.0,attacker[1],1,0.024,0.0183,0.065574,0.01,0.500833,0.036667,0.923077,0.409764,0.4,0.029
12.0,attacker[2],1,0.015,0.0162,0.046296,0.002,0.499167,0.036667,0.923077,0.021567,0.4,0.021
13.0,ue[0],0,0.011,0.0113,0.048673,0.0,0.499167,0.04,1.0,0.0,0.466667,0.018
13.0,ue[1],0,0.007,0.011,0.031818,0.005,0.499917,0.04,1.0,0.0,0.466667,0.017
13.0,ue[2],0,0.01,0.0109,0.045872,0.005,0.50075,0.04,1.0,0.0,0.466667,0.015
13.0,ue[3],0,0.005,0.0104,0.024038,0.006,0.498,0.04,1.0,0.0,0.466667,0.014
13.0,ue[4],0,0.014,0.0107,0.065421,0.005,0.50075,0.04,1.0,0.103407,0.466667,0.019
13.0,attacker[0],1,0.02,0.0184,0.054348,0.001,0.498583,0.04,0.928571,0.37916,0.433333,0.023
13.0,attacker[1],1,0.014,0.0185,0.037838,0.01,0.502167,0.04,0.928571,0.103407,0.433333,0.029
13.0,attacker[2],1,0.013,0.0154,0.042208,0.002,0.4985,0.04,0.928571,0.057448,0.433333,0.021
14.0,ue[0],0,0.004,0.0109,0.018349,0.007,0.49725,0.043333,1.0,0.0,0.5,0.018
14.0,ue[1],0,0.011,0.0113,0.048673,0.004,0.499333,0.043333,1.0,0.031492,0.5,0.017
14.0,ue[2],0,0.005,0.0099,0.025253,0.005,0.49775,0.043333,1.0,0.0,0.5,0.015
14.0,ue[3],0,0.009,0.0099,0.045455,0.004,0.497833,0.043333,1.0,0.0,0.5,0.014
14.0,ue[4],0,0.007,0.01,0.035,0.007,0.501083,0.043333,1.0,0.0,0.5,0.019
14.0,attacker[0],1,0.015,0.0179,0.041899,0.005,0.49825,0.043333,0.933333,0.199448,0.466667,0.023
14.0,attacker[1],1,0.019,0.0182,0.052198,0.005,0.49925,0.043333,0.933333,0.367405,0.466667,0.029
14.0,attacker[2],1,0.012,0.0152,0.039474,0.001,0.49825,0.043333,0.933333,0.073481,0.466667,0.021
15.0,ue[0],0,0.007,0.011,0.031818,0.003,0.497417,0.046667,1.0,0.0,0.533333,0.018
15.0,ue[1],0,0.013,0.0109,0.059633,0.002,0.5015,0.046667,1.0,0.0,0.533333,0.017
15.0,ue[2],0,0.017,0.0106,0.080189,0.012,0.499333,0.046667,1.0,0.212132,0.533333,0.017
15.0,ue[3],0,0.015,0.0104,0.072115,0.006,0.501167,0.046667,1.0,0.070711,0.533333,0.015
15.0,ue[4],0,0.015,0.0105,0.071429,0.008,0.5005,0.046667,1.0,0.070711,0.533333,0.019
15.0,attacker[0],1,0.015,0.018,0.041667,0.0,0.4975,0.046667,0.9375,0.070711,0.5,0.023
15.0,attacker[1],1,0.015,0.0178,0.042135,0.004,0.499833,0.046667,0.9375,0.070711,0.5,0.029
15.0,attacker[2],1,0.015,0.0157,0.047771,0.003,0.49925,0.046667,0.9375,0.070711,0.5,0.021
16.0,ue[0],0,0.007,0.0111,0.031532,0.0,0.499167,0.05,1.0,0.0,0.566667,0.018
16.0,ue[1],0,0.013,0.0113,0.057522,0.0,0.5015,0.05,1.0,0.0,0.566667,0.017
16.0,ue[2],0,0.012,0.0112,0.053571,0.005,0.50225,0.05,1.0,0.0,0.566667,0.017
16.0,ue[3],0,0.004,0.0098,0.020408,0.011,0.500583,0.05,1.0,0.0,0.566667,0.015
16.0,ue[4],0,0.011,0.0105,0.052381,0.004,0.5015,0.05,1.0,0.0,0.566667,0.019
16.0,attacker[0],1,0.021,0.0181,0.058011,0.006,0.5,0.05,0.941176,0.294584,0.533333,0.023
16.0,attacker[1],1,0.018,0.0176,0.051136,0.003,0.49875,0.05,0.941176,0.184115,0.533333,0.029
16.0,attacker[2],1,0.018,0.0157,0.057325,0.003,0.501583,0.05,0.941176,0.184115,0.533333,0.021
17.0,ue[0],0,0.014,0.0109,0.06422,0.007,0.501583,0.053333,1.0,0.065859,0.6,0.018
17.0,ue[1],0,0.01,0.011,0.045455,0.003,0.500583,0.053333,1.0,0.0,0.6,0.017
17.0,ue[2],0,0.018,0.0121,0.07438,0.006,0.502167,0.053333,1.0,0.417104,0.6,0.018
17.0,ue[3],0,0.012,0.0103,0.058252,0.008,0.499167,0.053333,1.0,0.0,0.6,0.015
17.0,ue[4],0,0.012,0.0104,0.057692,0.001,0.49975,0.053333,1.0,0.0,0.6,0.019
17.0,attacker[0],1,0.013,0.0189,0.034392,0.008,0.500167,0.053333,0.944444,0.0,0.566667,0.023
17.0,attacker[1],1,0.012,0.0168,0.035714,0.006,0.4995,0.053333,0.944444,0.0,0.566667,0.029
17.0,attacker[2],1,0.015,0.0158,0.047468,0.003,0.501583,0.053333,0.944444,0.15367,0.566667,0.021
18.0,ue[0],0,0.013,0.0105,0.061905,0.001,0.50375,0.056667,1.0,0.084385,0.633333,0.018
18.0,ue[1],0,0.007,0.0102,0.034314,0.003,0.498083,0.056667,1.0,0.0,0.633333,0.017
18.0,ue[2],0,0.012,0.0122,0.04918,0.006,0.501833,0.056667,1.0,0.009376,0.633333,0.018
18.0,ue[3],0,0.01,0.0102,0.04902,0.002,0.500833,0.056667,1.0,0.0,0.633333,0.015
18.0,ue[4],0,0.012,0.011,0.054545,0.0,0.5005,0.056667,1.0,0.009376,0.633333,0.019
18.0,attacker[0],1,0.017,0.0187,0.045455,0.004,0.499,0.056667,0.947368,0.384422,0.6,0.023
18.0,attacker[1],1,0.011,0.0157,0.035032,0.001,0.497083,0.056667,0.947368,0.0,0.6,0.029
18.0,attacker[2],1,0.013,0.0152,0.042763,0.002,0.4995,0.056667,0.947368,0.084385,0.6,0.021
19.0,ue[0],0,0.01,0.0105,0.047619,0.003,0.501083,0.06,1.0,0.0,0.666667,0.018
19.0,ue[1],0,0.015,0.0107,0.070093,0.008,0.4995,0.06,1.0,0.136067,0.666667,0.017
19.0,ue[2],0,0.015,0.0125,0.06,0.003,0.498917,0.06,1.0,0.136067,0.666667,0.018
19.0,ue[3],0,0.01,0.0099,0.050505,0.0,0.499833,0.06,1.0,0.0,0.666667,0.015
19.0,ue[4],0,0.007,0.0103,0.033981,0.005,0.498417,0.06,1.0,0.0,0.666667,0.019
19.0,attacker[0],1,0.018,0.0182,0.049451,0.001,0.500583,0.06,0.95,0.31749,0.633333,0.023
19.0,attacker[1],1,0.013,0.0156,0.041667,0.002,0.4985,0.06,0.95,0.015119,0.633333,0.029
19.0,attacker[2],1,0.014,0.0148,0.047297,0.001,0.49875,0.06,0.95,0.075593,0.633333,0.021
20.0,ue[0],0,0.004,0.0091,0.021978,0.006,0.497833,0.063333,1.0,0.0,0.7,0.018
20.0,ue[1],0,0.013,0.0109,0.059633,0.002,0.502,0.063333,1.0,0.050489,0.7,0.017
20.0,ue[2],0,0.01,0.0126,0.039683,0.005,0.49925,0.063333,1.0,0.0,0.7,0.018
20.0,ue[3],0,0.01,0.0099,0.050505,0.0,0.500667,0.063333,1.0,0.0,0.7,0.015
20.0,ue[4],0,0.012,0.0106,0.056604,0.005,0.498917,0.063333,1.0,0.00561,0.7,0.019
20.0,attacker[0],1,0.014,0.0173,0.040462,0.004,0.4995,0.063333,0.952381,0.095369,0.666667,0.023
20.0,attacker[1],1,0.021,0.0161,0.065217,0.008,0.501667,0.063333,0.952381,0.409525,0.666667,0.029
20.0,attacker[2],1,0.011,0.0143,0.038462,0.003,0.498583,0.063333,0.952381,0.0,0.666667,0.021
21.0,ue[0],0,0.007,0.0088,0.039773,0.003,0.496583,0.066667,1.0,0.0,0.733333,0.018
21.0,ue[1],0,0.007,0.0108,0.032407,0.006,0.499667,0.066667,1.0,0.0,0.733333,0.017
21.0,ue[2],0,0.012,0.0126,0.047619,0.002,0.498,0.066667,1.0,0.037573,0.733333,0.018
21.0,ue[3],0,0.008,0.0094,0.042553,0.002,0.499167,0.066667,1.0,0.0,0.733333,0.015
21.0,ue[4],0,0.01,0.0109,0.045872,0.002,0.500333,0.066667,1.0,0.0,0.733333,0.019
21.0,attacker[0],1,0.011,0.0163,0.033742,0.003,0.49825,0.066667,0.954545,0.0,0.7,0.023
21.0,attacker[1],1,0.018,0.0165,0.054545,0.003,0.50375,0.066667,0.954545,0.338161,0.7,0.029
21.0,attacker[2],1,0.017,0.0143,0.059441,0.006,0.5,0.066667,0.954545,0.288063,0.7,0.021
22.0,ue[0],0,0.01,0.0087,0.057471,0.003,0.49975,0.07,1.0,0.0,0.766667,0.018
22.0,ue[1],0,0.008,0.0104,0.038462,0.001,0.497917,0.07,1.0,0.0,0.766667,0.017
22.0,ue[2],0,0.006,0.0117,0.025641,0.006,0.498333,0.07,1.0,0.0,0.766667,0.018
22.0,ue[3],0,0.011,0.0094,0.058511,0.003,0.49975,0.07,1.0,0.0,0.766667,0.015
22.0,ue[4],0,0.017,0.0117,0.07265,0.007,0.501583,0.07,1.0,0.122319,0.766667,0.019
22.0,attacker[0],1,0.017,0.0161,0.052795,0.006,0.498833,0.07,0.956522,0.122319,0.733333,0.023
22.0,attacker[1],1,0.025,0.0166,0.075301,0.007,0.50325,0.07,0.956522,0.401904,0.733333,0.029
22.0,attacker[2],1,0.014,0.0142,0.049296,0.003,0.501417,0.07,0.956522,0.017474,0.733333,0.021
23.0,ue[0],0,0.018,0.0094,0.095745,0.008,0.5035,0.073333,1.0,0.256703,0.8,0.018
23.0,ue[1],0,0.008,0.0105,0.038095,0.0,0.498167,0.073333,1.0,0.0,0.8,0.017
23.0,ue[2],0,0.016,0.0123,0.065041,0.01,0.499333,0.073333,1.0,0.145696,0.8,0.018
23.0,ue[3],0,0.008,0.0097,0.041237,0.003,0.500083,0.073333,1.0,0.0,0.8,0.015
23.0,ue[4],0,0.012,0.0115,0.052174,0.005,0.502417,0.073333,1.0,0.0,0.8,0.019
23.0,attacker[0],1,0.013,0.0154,0.042208,0.004,0.500333,0.073333,0.958333,0.0,0.766667,0.023
23.0,attacker[1],1,0.017,0.0169,0.050296,0.008,0.501833,0.073333,0.958333,0.2012,0.766667,0.029
23.0,attacker[2],1,0.015,0.0144,0.052083,0.001,0.50025,0.073333,0.958333,0.090193,0.766667,0.021
24.0,ue[0],0,0.007,0.0097,0.036082,0.011,0.50275,0.076667,1.0,0.0,0.833333,0.018
24.0,ue[1],0,0.013,0.0107,0.060748,0.005,0.500583,0.076667,1.0,0.0,0.833333,0.017
24.0,ue[2],0,0.01,0.0128,0.039062,0.006,0.501833,0.076667,1.0,0.0,0.833333,0.018
24.0,ue[3],0,0.012,0.01,0.06,0.004,0.500167,0.076667,1.0,0.0,0.833333,0.015
24.0,ue[4],0,0.006,0.0114,0.026316,0.006,0.498,0.076667,1.0,0.0,0.833333,0.019
24.0,attacker[0],1,0.017,0.0156,0.054487,0.004,0.5005,0.076667,0.96,0.152554,0.8,0.023
24.0,attacker[1],1,0.023,0.0173,0.066474,0.006,0.499333,0.076667,0.96,0.381385,0.8,0.029
24.0,attacker[2],1,0.016,0.0148,0.054054,0.001,0.50075,0.076667,0.96,0.114415,0.8,0.021
25.0,ue[0],0,0.008,0.0098,0.040816,0.001,0.497917,0.08,1.0,0.0,0.866667,0.018
25.0,ue[1],0,0.011,0.0105,0.052381,0.002,0.502167,0.08,1.0,0.0,0.866667,0.017
25.0,ue[2],0,0.009,0.012,0.0375,0.001,0.499083,0.08,1.0,0.0,0.866667,0.018
25.0,ue[3],0,0.014,0.0099,0.070707,0.002,0.502,0.08,1.0,0.0,0.866667,0.015
25.0,ue[4],0,0.011,0.011,0.05,0.005,0.49775,0.08,1.0,0.0,0.866667,0.019
25.0,attacker[0],1,0.021,0.0162,0.064815,0.004,0.502667,0.08,0.961538,0.210522,0.833333,0.023
25.0,attacker[1],1,0.021,0.0179,0.058659,0.002,0.501,0.08,0.961538,0.210522,0.833333,0.029
25.0,attacker[2],1,0.024,0.0157,0.076433,0.008,0.502333,0.08,0.961538,0.313634,0.833333,0.024
26.0,ue[0],0,0.007,0.0098,0.035714,0.001,0.497917,0.083333,1.0,0.0,0.9,0.018
26.0,ue[1],0,0.014,0.0106,0.066038,0.003,0.501417,0.083333,1.0,0.010556,0.9,0.017
26.0,ue[2],0,0.011,0.0119,0.046218,0.002,0.499667,0.083333,1.0,0.0,0.9,0.018
26.0,ue[3],0,0.009,0.0104,0.043269,0.005,0.500583,0.083333,1.0,0.0,0.9,0.015
26.0,ue[4],0,0.012,0.0111,0.054054,0.001,0.499917,0.083333,1.0,0.0,0.9,0.019
26.0,attacker[0],1,0.019,0.016,0.059375,0.002,0.502167,0.083333,0.962963,0.221667,0.866667,0.023
26.0,attacker[1],1,0.022,0.0183,0.060109,0.001,0.499917,0.083333,0.962963,0.348335,0.866667,0.029
26.0,attacker[2],1,0.016,0.0155,0.051613,0.008,0.5025,0.083333,0.962963,0.095,0.866667,0.024
27.0,ue[0],0,0.01,0.0094,0.053191,0.003,0.49875,0.086667,1.0,0.0,0.933333,0.018
27.0,ue[1],0,0.012,0.0108,0.055556,0.002,0.501167,0.086667,1.0,0.0,0.933333,0.017
27.0,ue[2],0,0.01,0.0111,0.045045,0.001,0.499417,0.086667,1.0,0.0,0.933333,0.018
27.0,ue[3],0,0.01,0.0102,0.04902,0.001,0.499083,0.086667,1.0,0.0,0.933333,0.015
27.0,ue[4],0,0.013,0.0112,0.058036,0.001,0.501417,0.086667,1.0,0.0,0.933333,0.019
27.0,attacker[0],1,0.027,0.0174,0.077586,0.008,0.503,0.086667,0.964286,0.471234,0.9,0.027
27.0,attacker[1],1,0.013,0.0184,0.035326,0.009,0.498583,0.086667,0.964286,0.0,0.9,0.029
27.0,attacker[2],1,0.018,0.0158,0.056962,0.002,0.499333,0.086667,0.964286,0.141828,0.9,0.024
28.0,ue[0],0,0.01,0.0091,0.054945,0.0,0.501333,0.09,1.0,0.0,0.966667,0.018
28.0,ue[1],0,0.01,0.0111,0.045045,0.002,0.499167,0.09,1.0,0.0,0.966667,0.017
28.0,ue[2],0,0.007,0.0106,0.033019,0.003,0.49925,0.09,1.0,0.0,0.966667,0.018
28.0,ue[3],0,0.012,0.0104,0.057692,0.002,0.499667,0.09,1.0,0.0,0.966667,0.015
28.0,ue[4],0,0.012,0.0112,0.053571,0.001,0.501417,0.09,1.0,0.0,0.966667,0.019
28.0,attacker[0],1,0.023,0.018,0.063889,0.004,0.503,0.09,0.965517,0.478352,0.933333,0.027
28.0,attacker[1],1,0.011,0.0184,0.029891,0.002,0.495,0.09,0.965517,0.0,0.933333,0.029
28.0,attacker[2],1,0.014,0.0159,0.044025,0.004,0.498667,0.09,0.965517,0.07316,0.933333,0.024
29.0,ue[0],0,0.007,0.0088,0.039773,0.003,0.500083,0.093333,1.0,0.0,1.0,0.018
29.0,ue[1],0,0.01,0.0106,0.04717,0.0,0.498833,0.093333,1.0,0.0,1.0,0.017
29.0,ue[2],0,0.014,0.0105,0.066667,0.007,0.50025,0.093333,1.0,0.004204,1.0,0.018
29.0,ue[3],0,0.015,0.0109,0.068807,0.003,0.50125,0.093333,1.0,0.037838,1.0,0.015
29.0,ue[4],0,0.012,0.0117,0.051282,0.0,0.5,0.093333,1.0,0.0,1.0,0.019
29.0,attacker[0],1,0.007,0.0169,0.02071,0.016,0.496333,0.093333,0.966667,0.0,0.966667,0.027
29.0,attacker[1],1,0.022,0.0193,0.056995,0.011,0.498917,0.093333,0.966667,0.273276,0.966667,0.029
29.0,attacker[2],1,0.024,0.0169,0.071006,0.01,0.499833,0.093333,0.966667,0.340544,0.966667,0.024
30.0,ue[0],0,0.011,0.0095,0.057895,0.004,0.5,0.096667,1.0,0.0,1.0,0.018
30.0,ue[1],0,0.005,0.0098,0.02551,0.005,0.49775,0.096667,1.0,0.0,1.0,0.017
30.0,ue[2],0,0.017,0.0112,0.075893,0.003,0.503083,0.096667,1.0,0.307134,1.0,0.018
30.0,ue[3],0,0.009,0.0108,0.041667,0.006,0.500833,0.096667,1.0,0.0,1.0,0.015
30.0,ue[4],0,0.012,0.0117,0.051282,0.0,0.499833,0.096667,1.0,0.014625,1.0,0.019
30.0,attacker[0],1,0.012,0.0167,0.035928,0.005,0.49325,0.096667,1.0,0.014625,1.0,0.027
30.0,attacker[1],1,0.013,0.0185,0.035135,0.009,0.501083,0.096667,1.0,0.073127,1.0,0.029
30.0,attacker[2],1,0.015,0.0173,0.043353,0.009,0.50175,0.096667,1.0,0.190131,1.0,0.024
31.0,ue[0],0,0.012,0.01,0.06,0.001,0.50125,0.1,1.0,0.0,1.0,0.018
31.0,ue[1],0,0.009,0.01,0.045,0.004,0.498167,0.1,1.0,0.0,1.0,0.017
31.0,ue[2],0,0.011,0.0111,0.04955,0.006,0.501833,0.1,1.0,0.0,1.0,0.018
31.0,ue[3],0,0.012,0.0112,0.053571,0.003,0.499083,0.1,1.0,0.0,1.0,0.015
31.0,ue[4],0,0.009,0.0116,0.038793,0.003,0.499083,0.1,1.0,0.0,1.0,0.019
31.0,attacker[0],1,0.017,0.0173,0.049133,0.005,0.49775,0.1,1.0,0.220447,1.0,0.027
31.0,attacker[1],1,0.019,0.0186,0.051075,0.006,0.500333,0.1,1.0,0.334225,1.0,0.029
31.0,attacker[2],1,0.016,0.0172,0.046512,0.001,0.498417,0.1,1.0,0.163557,1.0,0.024
32.0,ue[0],0,0.009,0.0099,0.045455,0.003,0.500583,0.103333,1.0,0.0,1.0,0.018
32.0,ue[1],0,0.009,0.0101,0.044554,0.0,0.500333,0.103333,1.0,0.0,1.0,0.017
32.0,ue[2],0,0.012,0.0117,0.051282,0.001,0.499417,0.103333,1.0,0.014949,1.0,0.018
32.0,ue[3],0,0.01,0.0111,0.045045,0.002,0.4995,0.103333,1.0,0.0,1.0,0.015
32.0,ue[4],0,0.01,0.0109,0.045872,0.001,0.49875,0.103333,1.0,0.0,1.0,0.019
32.0,attacker[0],1,0.012,0.0168,0.035714,0.005,0.50025,0.103333,1.0,0.014949,1.0,0.027
32.0,attacker[1],1,0.02,0.0181,0.055249,0.001,0.502083,0.103333,1.0,0.493307,1.0,0.029
32.0,attacker[2],1,0.012,0.017,0.035294,0.004,0.498167,0.103333,1.0,0.014949,1.0,0.024
33.0,ue[0],0,0.006,0.0087,0.034483,0.003,0.49875,0.106667,1.0,0.0,1.0,0.018
33.0,ue[1],0,0.016,0.0109,0.073394,0.007,0.50225,0.106667,1.0,0.08071,1.0,0.017
33.0,ue[2],0,0.007,0.0108,0.032407,0.005,0.49775,0.106667,1.0,0.0,1.0,0.018
33.0,ue[3],0,0.01,0.0113,0.044248,0.0,0.499,0.106667,1.0,0.0,1.0,0.015
33.0,ue[4],0,0.007,0.0104,0.033654,0.003,0.49875,0.106667,1.0,0.0,1.0,0.019
33.0,attacker[0],1,0.013,0.0168,0.03869,0.001,0.50025,0.106667,1.0,0.0,1.0,0.027
33.0,attacker[1],1,0.026,0.019,0.068421,0.006,0.5025,0.106667,1.0,0.374202,1.0,0.029
33.0,attacker[2],1,0.021,0.0176,0.059659,0.009,0.499083,0.106667,1.0,0.227456,1.0,0.024
34.0,ue[0],0,0.009,0.0089,0.050562,0.003,0.498417,0.11,1.0,0.0,1.0,0.018
34.0,ue[1],0,0.012,0.0108,0.055556,0.004,0.503167,0.11,1.0,0.03132,1.0,0.017
34.0,ue[2],0,0.005,0.0103,0.024272,0.002,0.496333,0.11,1.0,0.0,1.0,0.018
34.0,ue[3],0,0.011,0.0112,0.049107,0.001,0.500083,0.11,1.0,0.0,1.0,0.015
34.0,ue[4],0,0.004,0.0102,0.019608,0.003,0.497583,0.11,1.0,0.0,1.0,0.019
34.0,attacker[0],1,0.018,0.0169,0.053254,0.005,0.500917,0.11,1.0,0.281878,1.0,0.027
34.0,attacker[1],1,0.014,0.0181,0.038674,0.012,0.501333,0.11,1.0,0.114839,1.0,0.029
34.0,attacker[2],1,0.017,0.0177,0.048023,0.004,0.502333,0.11,1.0,0.240118,1.0,0.024
35.0,ue[0],0,0.014,0.0095,0.073684,0.005,0.50125,0.113333,1.0,0.029894,1.0,0.018
35.0,ue[1],0,0.011,0.0108,0.050926,0.001,0.500083,0.113333,1.0,0.0,1.0,0.017
35.0,ue[2],0,0.016,0.011,0.072727,0.011,0.50025,0.113333,1.0,0.125555,1.0,0.018
35.0,ue[3],0,0.01,0.0108,0.046296,0.001,0.499917,0.113333,1.0,0.0,1.0,0.015
35.0,ue[4],0,0.005,0.0096,0.026042,0.001,0.497917,0.113333,1.0,0.0,1.0,0.019
35.0,attacker[0],1,0.016,0.0164,0.04878,0.002,0.5015,0.113333,1.0,0.125555,1.0,0.027
35.0,attacker[1],1,0.019,0.0179,0.053073,0.005,0.497417,0.113333,1.0,0.269047,1.0,0.029
35.0,attacker[2],1,0.016,0.0169,0.047337,0.001,0.500083,0.113333,1.0,0.125555,1.0,0.024
36.0,ue[0],0,0.012,0.01,0.06,0.002,0.5025,0.116667,1.0,0.0,1.0,0.018
36.0,ue[1],0,0.011,0.0105,0.052381,0.0,0.499333,0.116667,1.0,0.0,1.0,0.017
36.0,ue[2],0,0.009,0.0108,0.041667,0.007,0.50225,0.116667,1.0,0.0,1.0,0.018
36.0,ue[3],0,0.013,0.0112,0.058036,0.003,0.500583,0.116667,1.0,0.0,1.0,0.015
36.0,ue[4],0,0.008,0.0092,0.043478,0.003,0.49975,0.116667,1.0,0.0,1.0,0.019
36.0,attacker[0],1,0.019,0.0164,0.057927,0.003,0.501583,0.116667,1.0,0.183899,1.0,0.027
36.0,attacker[1],1,0.025,0.0182,0.068681,0.006,0.501,0.116667,1.0,0.410236,1.0,0.029
36.0,attacker[2],1,0.016,0.0169,0.047337,0.0,0.499667,0.116667,1.0,0.07073,1.0,0.024
37.0,ue[0],0,0.012,0.0102,0.058824,0.0,0.501167,0.12,1.0,0.0,1.0,0.018
37.0,ue[1],0,0.01,0.0103,0.048544,0.001,0.49875,0.12,1.0,0.0,1.0,0.017
37.0,ue[2],0,0.009,0.0107,0.042056,0.0,0.499833,0.12,1.0,0.0,1.0,0.018
37.0,ue[3],0,0.005,0.0107,0.023364,0.008,0.499333,0.12,1.0,0.0,1.0,0.015
37.0,ue[4],0,0.011,0.009,0.061111,0.003,0.502083,0.12,1.0,0.0,1.0,0.019
37.0,attacker[0],1,0.023,0.016,0.071875,0.004,0.502667,0.12,1.0,0.376288,1.0,0.027
37.0,attacker[1],1,0.017,0.0186,0.045699,0.008,0.500667,0.12,1.0,0.150515,1.0,0.029
37.0,attacker[2],1,0.017,0.0168,0.050595,0.001,0.49925,0.12,1.0,0.150515,1.0,0.024
38.0,ue[0],0,0.015,0.0107,0.070093,0.003,0.500917,0.123333,1.0,0.09103,1.0,0.018
38.0,ue[1],0,0.012,0.0105,0.057143,0.002,0.499833,0.123333,1.0,0.0,1.0,0.017
38.0,ue[2],0,0.011,0.0111,0.04955,0.002,0.5,0.123333,1.0,0.0,1.0,0.018
38.0,ue[3],0,0.015,0.011,0.068182,0.01,0.499333,0.123333,1.0,0.09103,1.0,0.015
38.0,ue[4],0,0.015,0.0093,0.080645,0.004,0.503667,0.123333,1.0,0.09103,1.0,0.019
38.0,attacker[0],1,0.015,0.0152,0.049342,0.008,0.500667,0.123333,1.0,0.09103,1.0,0.027
38.0,attacker[1],1,0.01,0.0185,0.027027,0.007,0.497083,0.123333,1.0,0.0,1.0,0.029
38.0,attacker[2],1,0.018,0.0172,0.052326,0.001,0.500583,0.123333,1.0,0.333776,1.0,0.024
39.0,ue[0],0,0.014,0.0114,0.061404,0.001,0.500917,0.126667,1.0,0.100567,1.0,0.018
39.0,ue[1],0,0.006,0.0101,0.029703,0.006,0.499167,0.126667,1.0,0.0,1.0,0.017
39.0,ue[2],0,0.01,0.0107,0.046729,0.001,0.499583,0.126667,1.0,0.0,1.0,0.018
39.0,ue[3],0,0.008,0.0103,0.038835,0.007,0.501083,0.126667,1.0,0.0,1.0,0.015
39.0,ue[4],0,0.009,0.009,0.05,0.006,0.502,0.126667,1.0,0.0,1.0,0.019
39.0,attacker[0],1,0.015,0.016,0.046875,0.0,0.497833,0.126667,1.0,0.147893,1.0,0.027
39.0,attacker[1],1,0.013,0.0176,0.036932,0.003,0.495583,0.126667,1.0,0.053241,1.0,0.029
39.0,attacker[2],1,0.02,0.0168,0.059524,0.002,0.501333,0.126667,1.0,0.384521,1.0,0.024
40.0,ue[0],0,0.01,0.0113,0.044248,0.004,0.4995,0.13,1.0,0.0,1.0,0.018
40.0,ue[1],0,0.009,0.0105,0.042857,0.003,0.49825,0.13,1.0,0.0,1.0,0.017
40.0,ue[2],0,0.006,0.0096,0.03125,0.004,0.499167,0.13,1.0,0.0,1.0,0.018
40.0,ue[3],0,0.014,0.0108,0.064815,0.006,0.5,0.13,1.0,0.087851,1.0,0.015
40.0,ue[4],0,0.004,0.0082,0.02439,0.005,0.497583,0.13,1.0,0.0,1.0,0.019
40.0,attacker[0],1,0.021,0.0169,0.06213,0.006,0.4995,0.13,1.0,0.34678,1.0,0.027
40.0,attacker[1],1,0.011,0.0174,0.031609,0.002,0.497333,0.13,1.0,0.0,1.0,0.029
40.0,attacker[2],1,0.018,0.0171,0.052632,0.002,0.501,0.13,1.0,0.235811,1.0,0.024
41.0,ue[0],0,0.013,0.0114,0.057018,0.003,0.498917,0.133333,1.0,0.156893,1.0,0.018
41.0,ue[1],0,0.008,0.0104,0.038462,0.001,0.499583,0.133333,1.0,0.0,1.0,0.017
41.0,ue[2],0,0.008,0.0093,0.043011,0.002,0.4985,0.133333,1.0,0.0,1.0,0.018
41.0,ue[3],0,0.01,0.0106,0.04717,0.004,0.501333,0.133333,1.0,0.0,1.0,0.015
41.0,ue[4],0,0.009,0.0082,0.054878,0.005,0.497417,0.133333,1.0,0.0,1.0,0.019
41.0,attacker[0],1,0.014,0.0166,0.042169,0.007,0.499917,0.133333,1.0,0.235339,1.0,0.027
41.0,attacker[1],1,0.015,0.017,0.044118,0.004,0.499833,0.133333,1.0,0.313786,1.0,0.029
41.0,attacker[2],1,0.011,0.0166,0.033133,0.007,0.498083,0.133333,1.0,0.0,1.0,0.024
42.0,ue[0],0,0.01,0.0115,0.043478,0.003,0.49925,0.136667,1.0,0.0,1.0,0.018
42.0,ue[1],0,0.009,0.0104,0.043269,0.001,0.49975,0.136667,1.0,0.0,1.0,0.017
42.0,ue[2],0,0.011,0.0092,0.059783,0.003,0.50025,0.136667,1.0,0.0,1.0,0.018
42.0,ue[3],0,0.015,0.0111,0.067568,0.005,0.500083,0.136667,1.0,0.082639,1.0,0.015
42.0,ue[4],0,0.008,0.008,0.05,0.001,0.499583,0.136667,1.0,0.0,1.0,0.019
42.0,attacker[0],1,0.02,0.0174,0.057471,0.006,0.5,0.136667,1.0,0.318752,1.0,0.027
42.0,attacker[1],1,0.019,0.0169,0.056213,0.004,0.502833,0.136667,1.0,0.271529,1.0,0.029
42.0,attacker[2],1,0.014,0.0168,0.041667,0.003,0.496917,0.136667,1.0,0.035417,1.0,0.024
43.0,ue[0],0,0.009,0.0118,0.038136,0.001,0.498583,0.14,1.0,0.0,1.0,0.018
43.0,ue[1],0,0.009,0.0097,0.046392,0.0,0.500667,0.14,1.0,0.0,1.0,0.017
43.0,ue[2],0,0.015,0.01,0.075,0.004,0.5025,0.14,1.0,0.044461,1.0,0.018
43.0,ue[3],0,0.009,0.011,0.040909,0.006,0.500667,0.14,1.0,0.0,1.0,0.015
43.0,ue[4],0,0.012,0.0085,0.070588,0.004,0.501333,0.14,1.0,0.0,1.0,0.019
43.0,attacker[0],1,0.019,0.018,0.052778,0.001,0.501417,0.14,1.0,0.202546,1.0,0.027
43.0,attacker[1],1,0.024,0.0167,0.071856,0.005,0.50425,0.14,1.0,0.400152,1.0,0.029
43.0,attacker[2],1,0.014,0.0161,0.043478,0.0,0.498833,0.14,1.0,0.00494,1.0,0.024
44.0,ue[0],0,0.017,0.0126,0.06746,0.008,0.501,0.143333,1.0,0.192617,1.0,0.018
44.0,ue[1],0,0.007,0.0092,0.038043,0.002,0.499667,0.143333,1.0,0.0,1.0,0.017
44.0,ue[2],0,0.011,0.0106,0.051887,0.004,0.502333,0.143333,1.0,0.0,1.0,0.018
44.0,ue[3],0,0.013,0.0112,0.058036,0.004,0.499,0.143333,1.0,0.0,1.0,0.015
44.0,ue[4],0,0.007,0.0088,0.039773,0.005,0.50125,0.143333,1.0,0.0,1.0,0.019
44.0,attacker[0],1,0.016,0.0178,0.044944,0.003,0.499583,0.143333,1.0,0.144463,1.0,0.027
44.0,attacker[1],1,0.019,0.0172,0.055233,0.005,0.50325,0.143333,1.0,0.288926,1.0,0.029
44.0,attacker[2],1,0.014,0.0158,0.044304,0.0,0.499833,0.143333,1.0,0.048154,1.0,0.024
45.0,ue[0],0,0.005,0.0117,0.021368,0.012,0.500167,0.146667,1.0,0.0,1.0,0.018
45.0,ue[1],0,0.01,0.0091,0.054945,0.003,0.499917,0.146667,1.0,0.0,1.0,0.017
45.0,ue[2],0,0.011,0.0101,0.054455,0.0,0.499833,0.146667,1.0,0.0,1.0,0.018
45.0,ue[3],0,0.009,0.0111,0.040541,0.004,0.499833,0.146667,1.0,0.0,1.0,0.015
45.0,ue[4],0,0.011,0.0094,0.058511,0.004,0.499667,0.146667,1.0,0.0,1.0,0.019
45.0,attacker[0],1,0.015,0.0177,0.042373,0.001,0.498917,0.146667,1.0,0.19799,1.0,0.027
45.0,attacker[1],1,0.014,0.0167,0.041916,0.005,0.498583,0.146667,1.0,0.141421,1.0,0.029
45.0,attacker[2],1,0.017,0.0159,0.053459,0.003,0.50125,0.146667,1.0,0.311127,1.0,0.024
46.0,ue[0],0,0.006,0.0111,0.027027,0.001,0.49675,0.15,1.0,0.0,1.0,0.018
46.0,ue[1],0,0.01,0.009,0.055556,0.0,0.500833,0.15,1.0,0.0,1.0,0.017
46.0,ue[2],0,0.008,0.01,0.04,0.003,0.498583,0.15,1.0,0.0,1.0,0.018
46.0,ue[3],0,0.013,0.0111,0.058559,0.004,0.499333,0.15,1.0,0.004556,1.0,0.015
46.0,ue[4],0,0.008,0.0094,0.042553,0.003,0.50025,0.15,1.0,0.0,1.0,0.019
46.0,attacker[0],1,0.019,0.0177,0.053672,0.004,0.499333,0.15,1.0,0.223247,1.0,0.027
46.0,attacker[1],1,0.022,0.0164,0.067073,0.008,0.498667,0.15,1.0,0.332592,1.0,0.029
46.0,attacker[2],1,0.017,0.016,0.053125,0.0,0.5015,0.15,1.0,0.15035,1.0,0.024
47.0,ue[0],0,0.004,0.0103,0.019417,0.002,0.497333,0.153333,1.0,0.0,1.0,0.018
47.0,ue[1],0,0.013,0.0093,0.069892,0.003,0.501417,0.153333,1.0,0.015617,1.0,0.017
47.0,ue[2],0,0.006,0.0097,0.030928,0.002,0.497333,0.153333,1.0,0.0,1.0,0.018
47.0,ue[3],0,0.007,0.0113,0.030973,0.006,0.499833,0.153333,1.0,0.0,1.0,0.015
47.0,ue[4],0,0.015,0.0098,0.076531,0.007,0.50075,0.153333,1.0,0.078087,1.0,0.019
47.0,attacker[0],1,0.017,0.0171,0.049708,0.002,0.500667,0.153333,1.0,0.140556,1.0,0.027
47.0,attacker[1],1,0.013,0.016,0.040625,0.009,0.49925,0.153333,1.0,0.015617,1.0,0.029
47.0,attacker[2],1,0.025,0.0168,0.074405,0.008,0.503,0.153333,1.0,0.390434,1.0,0.025
48.0,ue[0],0,0.012,0.01,0.06,0.008,0.499333,0.156667,1.0,0.0,1.0,0.018
48.0,ue[1],0,0.022,0.0103,0.106796,0.009,0.50425,0.156667,1.0,0.296811,1.0,0.022
48.0,ue[2],0,0.007,0.0093,0.037634,0.001,0.49825,0.156667,1.0,0.0,1.0,0.018
48.0,ue[3],0,0.014,0.0112,0.0625,0.007,0.499417,0.156667,1.0,0.0,1.0,0.015
48.0,ue[4],0,0.012,0.0095,0.063158,0.003,0.502417,0.156667,1.0,0.0,1.0,0.019
48.0,attacker[0],1,0.019,0.0175,0.054286,0.002,0.500667,0.156667,1.0,0.164895,1.0,0.027
48.0,attacker[1],1,0.018,0.0168,0.053571,0.005,0.498583,0.156667,1.0,0.120923,1.0,0.029
48.0,attacker[2],1,0.018,0.0168,0.053571,0.007,0.50275,0.156667,1.0,0.120923,1.0,0.025
49.0,ue[0],0,0.009,0.0095,0.047368,0.003,0.50275,0.16,1.0,0.0,1.0,0.018
49.0,ue[1],0,0.009,0.0106,0.042453,0.013,0.50225,0.16,1.0,0.0,1.0,0.022
49.0,ue[2],0,0.01,0.0093,0.053763,0.003,0.500083,0.16,1.0,0.0,1.0,0.018
49.0,ue[3],0,0.012,0.0116,0.051724,0.002,0.501667,0.16,1.0,0.0,1.0,0.015
49.0,ue[4],0,0.008,0.0094,0.042553,0.004,0.499333,0.16,1.0,0.0,1.0,0.019
49.0,attacker[0],1,0.025,0.0185,0.067568,0.006,0.5025,0.16,1.0,0.48795,1.0,0.027
49.0,attacker[1],1,0.014,0.0169,0.04142,0.004,0.499833,0.16,1.0,0.058554,1.0,0.029
49.0,attacker[2],1,0.013,0.0161,0.040373,0.005,0.497917,0.16,1.0,0.019518,1.0,0.025
50.0,ue[0],0,0.011,0.0096,0.057292,0.002,0.501333,0.163333,1.0,0.0,1.0,0.018
50.0,ue[1],0,0.016,0.0113,0.070796,0.007,0.49875,0.163333,1.0,0.208465,1.0,0.022
50.0,ue[2],0,0.012,0.0099,0.060606,0.002,0.502,0.163333,1.0,0.0,1.0,0.018
50.0,ue[3],0,0.008,0.011,0.036364,0.004,0.499333,0.163333,1.0,0.0,1.0,0.015
50.0,ue[4],0,0.013,0.0103,0.063107,0.005,0.499417,0.163333,1.0,0.023163,1.0,0.019
50.0,attacker[0],1,0.012,0.0176,0.034091,0.013,0.500083,0.163333,1.0,0.0,1.0,0.027
50.0,attacker[1],1,0.01,0.0168,0.029762,0.004,0.497167,0.163333,1.0,0.0,1.0,0.029
50.0,attacker[2],1,0.019,0.0162,0.058642,0.006,0.498,0.163333,1.0,0.393767,1.0,0.025
51.0,ue[0],0,0.005,0.0088,0.028409,0.006,0.499833,0.166667,1.0,0.0,1.0,0.018
51.0,ue[1],0,0.009,0.0114,0.039474,0.007,0.498917,0.166667,1.0,0.0,1.0,0.022
51.0,ue[2],0,0.01,0.0101,0.049505,0.002,0.501667,0.166667,1.0,0.0,1.0,0.018
51.0,ue[3],0,0.009,0.0109,0.041284,0.001,0.49875,0.166667,1.0,0.0,1.0,0.015
51.0,ue[4],0,0.008,0.0102,0.039216,0.005,0.499417,0.166667,1.0,0.0,1.0,0.019
51.0,attacker[0],1,0.024,0.0186,0.064516,0.012,0.498833,0.166667,1.0,0.433526,1.0,0.027
51.0,attacker[1],1,0.012,0.0165,0.036364,0.002,0.498,0.166667,1.0,0.008847,1.0,0.029
51.0,attacker[2],1,0.017,0.0168,0.050595,0.002,0.499667,0.166667,1.0,0.185797,1.0,0.025
52.0,ue[0],0,0.017,0.0095,0.089474,0.012,0.500167,0.17,1.0,0.14656,1.0,0.018
52.0,ue[1],0,0.015,0.012,0.0625,0.006,0.498167,0.17,1.0,0.068394,1.0,0.022
52.0,ue[2],0,0.01,0.01,0.05,0.0,0.500167,0.17,1.0,0.0,1.0,0.018
52.0,ue[3],0,0.01,0.0104,0.048077,0.001,0.499083,0.17,1.0,0.0,1.0,0.015
52.0,ue[4],0,0.003,0.0097,0.015464,0.005,0.49725,0.17,1.0,0.0,1.0,0.019
52.0,attacker[0],1,0.015,0.0181,0.041436,0.009,0.500417,0.17,1.0,0.068394,1.0,0.027
52.0,attacker[1],1,0.021,0.0167,0.062874,0.009,0.50125,0.17,1.0,0.30289,1.0,0.029
52.0,attacker[2],1,0.015,0.0169,0.044379,0.002,0.499667,0.17,1.0,0.068394,1.0,0.025
53.0,ue[0],0,0.016,0.0102,0.078431,0.001,0.504083,0.173333,1.0,0.360577,1.0,0.018
53.0,ue[1],0,0.01,0.0121,0.041322,0.005,0.500583,0.173333,1.0,0.0,1.0,0.022
53.0,ue[2],0,0.005,0.009,0.027778,0.005,0.498417,0.173333,1.0,0.0,1.0,0.018
53.0,ue[3],0,0.009,0.0104,0.043269,0.001,0.499917,0.173333,1.0,0.0,1.0,0.015
53.0,ue[4],0,0.01,0.0095,0.052632,0.007,0.498417,0.173333,1.0,0.0,1.0,0.019
53.0,attacker[0],1,0.013,0.0175,0.037143,0.002,0.496833,0.173333,1.0,0.168269,1.0,0.027
53.0,attacker[1],1,0.012,0.0155,0.03871,0.009,0.50225,0.173333,1.0,0.104167,1.0,0.029
53.0,attacker[2],1,0.008,0.0163,0.02454,0.007,0.497583,0.173333,1.0,0.0,1.0,0.025
54.0,ue[0],0,0.012,0.0097,0.061856,0.004,0.5015,0.176667,1.0,0.011341,1.0,0.018
54.0,ue[1],0,0.005,0.0119,0.021008,0.005,0.497083,0.176667,1.0,0.0,1.0,0.022
54.0,ue[2],0,0.009,0.0088,0.051136,0.004,0.498167,0.176667,1.0,0.0,1.0,0.018
54.0,ue[3],0,0.01,0.0101,0.049505,0.001,0.50025,0.176667,1.0,0.0,1.0,0.015
54.0,ue[4],0,0.01,0.0098,0.05102,0.0,0.501,0.176667,1.0,0.0,1.0,0.019
54.0,attacker[0],1,0.011,0.017,0.032353,0.002,0.4975,0.176667,1.0,0.0,1.0,0.027
54.0,attacker[1],1,0.017,0.0153,0.055556,0.005,0.500083,0.176667,1.0,0.23816,1.0,0.029
54.0,attacker[2],1,0.02,0.0169,0.059172,0.012,0.4985,0.176667,1.0,0.374252,1.0,0.025
55.0,ue[0],0,0.01,0.0102,0.04902,0.002,0.499167,0.18,1.0,0.0,1.0,0.018
55.0,ue[1],0,0.006,0.0115,0.026087,0.001,0.497083,0.18,1.0,0.0,1.0,0.022
55.0,ue[2],0,0.01,0.0087,0.057471,0.001,0.500583,0.18,1.0,0.0,1.0,0.018
55.0,ue[3],0,0.009,0.0101,0.044554,0.001,0.500083,0.18,1.0,0.0,1.0,0.015
55.0,ue[4],0,0.01,0.0097,0.051546,0.0,0.5015,0.18,1.0,0.0,1.0,0.019
55.0,attacker[0],1,0.021,0.0176,0.059659,0.01,0.499333,0.18,1.0,0.377964,1.0,0.027
55.0,attacker[1],1,0.017,0.0156,0.054487,0.0,0.501,0.18,1.0,0.205181,1.0,0.029
55.0,attacker[2],1,0.015,0.0167,0.04491,0.005,0.502083,0.18,1.0,0.118789,1.0,0.025
56.0,ue[0],0,0.008,0.0104,0.038462,0.002,0.497,0.183333,1.0,0.0,1.0,0.018
56.0,ue[1],0,0.016,0.0121,0.066116,0.01,0.5005,0.183333,1.0,0.11547,1.0,0.022
56.0,ue[2],0,0.01,0.0089,0.05618,0.0,0.501,0.183333,1.0,0.0,1.0,0.018
56.0,ue[3],0,0.015,0.0103,0.072816,0.006,0.501167,0.183333,1.0,0.057735,1.0,0.015
56.0,ue[4],0,0.015,0.0104,0.072115,0.005,0.502417,0.183333,1.0,0.057735,1.0,0.019
56.0,attacker[0],1,0.012,0.0169,0.035503,0.009,0.50175,0.183333,1.0,0.0,1.0,0.027
56.0,attacker[1],1,0.017,0.0151,0.056291,0.0,0.500167,0.183333,1.0,0.173205,1.0,0.029
56.0,attacker[2],1,0.019,0.0169,0.056213,0.004,0.501333,0.183333,1.0,0.288675,1.0,0.025
57.0,ue[0],0,0.011,0.0111,0.04955,0.003,0.498417,0.186667,1.0,0.0,1.0,0.018
57.0,ue[1],0,0.007,0.0115,0.030435,0.009,0.50225,0.186667,1.0,0.0,1.0,0.022
57.0,ue[2],0,0.008,0.0091,0.043956,0.002,0.5005,0.186667,1.0,0.0,1.0,0.018
57.0,ue[3],0,0.011,0.0107,0.051402,0.004,0.501833,0.186667,1.0,0.0,1.0,0.015
57.0,ue[4],0,0.008,0.0097,0.041237,0.007,0.50075,0.186667,1.0,0.0,1.0,0.019
57.0,attacker[0],1,0.018,0.017,0.052941,0.006,0.5,0.186667,1.0,0.286855,1.0,0.027
57.0,attacker[1],1,0.018,0.0156,0.057692,0.001,0.501083,0.186667,1.0,0.286855,1.0,0.029
57.0,attacker[2],1,0.015,0.0159,0.04717,0.004,0.501333,0.186667,1.0,0.143427,1.0,0.025
58.0,ue[0],0,0.009,0.0108,0.041667,0.002,0.5,0.19,1.0,0.0,1.0,0.018
58.0,ue[1],0,0.007,0.01,0.035,0.0,0.499,0.19,1.0,0.0,1.0,0.022
58.0,ue[2],0,0.011,0.0095,0.057895,0.003,0.499917,0.19,1.0,0.064509,1.0,0.018
58.0,ue[3],0,0.008,0.0101,0.039604,0.003,0.499083,0.19,1.0,0.0,1.0,0.015
58.0,ue[4],0,0.007,0.0092,0.038043,0.001,0.497917,0.19,1.0,0.0,1.0,0.019
58.0,attacker[0],1,0.013,0.0164,0.039634,0.005,0.500417,0.19,1.0,0.211957,1.0,0.027
58.0,attacker[1],1,0.015,0.0153,0.04902,0.003,0.49975,0.19,1.0,0.359405,1.0,0.029
58.0,attacker[2],1,0.011,0.0152,0.036184,0.004,0.4975,0.19,1.0,0.064509,1.0,0.025
59.0,ue[0],0,0.008,0.0107,0.037383,0.001,0.499417,0.193333,1.0,0.0,1.0,0.018
59.0,ue[1],0,0.005,0.0096,0.026042,0.002,0.498167,0.193333,1.0,0.0,1.0,0.022
59.0,ue[2],0,0.01,0.0095,0.052632,0.001,0.500583,0.193333,1.0,0.0,1.0,0.018
59.0,ue[3],0,0.012,0.0101,0.059406,0.004,0.499167,0.193333,1.0,0.0,1.0,0.015
59.0,ue[4],0,0.014,0.0098,0.071429,0.007,0.49975,0.193333,1.0,0.004204,1.0,0.019
59.0,attacker[0],1,0.018,0.0157,0.057325,0.005,0.49925,0.193333,1.0,0.13874,1.0,0.027
59.0,attacker[1],1,0.023,0.0162,0.070988,0.008,0.500833,0.193333,1.0,0.30691,1.0,0.029
59.0,attacker[2],1,0.021,0.016,0.065625,0.01,0.499833,0.193333,1.0,0.239642,1.0,0.025
60.0,ue[0],0,0.01,0.0106,0.04717,0.002,0.499833,0.196667,1.0,0.0,1.0,0.018
60.0,ue[1],0,0.013,0.0093,0.069892,0.008,0.4995,0.196667,1.0,0.242779,1.0,0.022
60.0,ue[2],0,0.007,0.009,0.038889,0.003,0.499417,0.196667,1.0,0.0,1.0,0.018
60.0,ue[3],0,0.009,0.0102,0.044118,0.003,0.499583,0.196667,1.0,0.0,1.0,0.015
60.0,ue[4],0,0.008,0.0093,0.043011,0.006,0.5005,0.196667,1.0,0.0,1.0,0.019
60.0,attacker[0],1,0.013,0.0158,0.041139,0.005,0.500583,0.196667,1.0,0.242779,1.0,0.027
60.0,attacker[1],1,0.013,0.0165,0.039394,0.01,0.500667,0.196667,1.0,0.242779,1.0,0.029
60.0,attacker[2],1,0.008,0.0149,0.026846,0.013,0.49975,0.196667,1.0,0.0,1.0,0.025
61.0,ue[0],0,0.016,0.0117,0.068376,0.006,0.501833,0.2,1.0,0.045398,1.0,0.018
61.0,ue[1],0,0.019,0.0103,0.092233,0.006,0.504833,0.2,1.0,0.201049,1.0,0.022
61.0,ue[2],0,0.009,0.0089,0.050562,0.002,0.499167,0.2,1.0,0.0,1.0,0.018
61.0,ue[3],0,0.012,0.0105,0.057143,0.003,0.500083,0.2,1.0,0.0,1.0,0.015
61.0,ue[4],0,0.011,0.0096,0.057292,0.003,0.499917,0.2,1.0,0.0,1.0,0.019
61.0,attacker[0],1,0.017,0.0151,0.056291,0.004,0.499333,0.2,1.0,0.097282,1.0,0.027
61.0,attacker[1],1,0.021,0.0174,0.060345,0.008,0.499167,0.2,1.0,0.304816,1.0,0.029
61.0,attacker[2],1,0.016,0.0148,0.054054,0.008,0.498167,0.2,1.0,0.045398,1.0,0.025
62.0,ue[0],0,0.003,0.0103,0.014563,0.013,0.50025,0.203333,1.0,0.0,1.0,0.018
62.0,ue[1],0,0.009,0.0097,0.046392,0.01,0.502833,0.203333,1.0,0.0,1.0,0.022
62.0,ue[2],0,0.017,0.0096,0.088542,0.008,0.501833,0.203333,1.0,0.193124,1.0,0.018
62.0,ue[3],0,0.009,0.0104,0.043269,0.003,0.500417,0.203333,1.0,0.0,1.0,0.015
62.0,ue[4],0,0.006,0.0099,0.030303,0.005,0.499417,0.203333,1.0,0.0,1.0,0.019
62.0,attacker[0],1,0.014,0.015,0.046667,0.003,0.500417,0.203333,1.0,0.085334,1.0,0.027
62.0,attacker[1],1,0.021,0.0174,0.060345,0.0,0.502,0.203333,1.0,0.336845,1.0,0.029
62.0,attacker[2],1,0.014,0.0147,0.047619,0.002,0.500833,0.203333,1.0,0.085334,1.0,0.025
63.0,ue[0],0,0.004,0.0091,0.021978,0.001,0.496083,0.206667,1.0,0.0,1.0,0.018
63.0,ue[1],0,0.017,0.0104,0.081731,0.008,0.500333,0.206667,1.0,0.171768,1.0,0.022
63.0,ue[2],0,0.006,0.0097,0.030928,0.011,0.501417,0.206667,1.0,0.0,1.0,0.018
63.0,ue[3],0,0.009,0.0104,0.043269,0.0,0.499,0.206667,1.0,0.0,1.0,0.015
63.0,ue[4],0,0.006,0.0095,0.031579,0.0,0.4975,0.206667,1.0,0.0,1.0,0.019
63.0,attacker[0],1,0.017,0.0154,0.055195,0.003,0.49975,0.206667,1.0,0.171768,1.0,0.027
63.0,attacker[1],1,0.015,0.0177,0.042373,0.006,0.4995,0.206667,1.0,0.104736,1.0,0.029
63.0,attacker[2],1,0.021,0.016,0.065625,0.007,0.50125,0.206667,1.0,0.30583,1.0,0.025
64.0,ue[0],0,0.008,0.0087,0.045977,0.004,0.498167,0.21,1.0,0.0,1.0,0.018
64.0,ue[1],0,0.011,0.011,0.05,0.006,0.500167,0.21,1.0,0.0,1.0,0.022
64.0,ue[2],0,0.016,0.0104,0.076923,0.01,0.5,0.21,1.0,0.252215,1.0,0.018
64.0,ue[3],0,0.01,0.0104,0.048077,0.001,0.49975,0.21,1.0,0.0,1.0,0.015
64.0,ue[4],0,0.006,0.0091,0.032967,0.0,0.498833,0.21,1.0,0.0,1.0,0.019
64.0,attacker[0],1,0.008,0.0151,0.02649,0.009,0.498917,0.21,1.0,0.0,1.0,0.027
64.0,attacker[1],1,0.014,0.0174,0.04023,0.001,0.498083,0.21,1.0,0.146019,1.0,0.029
64.0,attacker[2],1,0.017,0.0157,0.05414,0.004,0.503167,0.21,1.0,0.305313,1.0,0.025
65.0,ue[0],0,0.01,0.0087,0.057471,0.002,0.500667,0.213333,1.0,0.0,1.0,0.018
65.0,ue[1],0,0.011,0.0115,0.047826,0.0,0.498,0.213333,1.0,0.0,1.0,0.022
65.0,ue[2],0,0.017,0.0111,0.076577,0.001,0.502917,0.213333,1.0,0.177318,1.0,0.018
65.0,ue[3],0,0.012,0.0107,0.056075,0.002,0.5005,0.213333,1.0,0.0,1.0,0.015
65.0,ue[4],0,0.01,0.0091,0.054945,0.004,0.500167,0.213333,1.0,0.0,1.0,0.019
65.0,attacker[0],1,0.013,0.0143,0.045455,0.005,0.49725,0.213333,1.0,0.0,1.0,0.027
65.0,attacker[1],1,0.016,0.0173,0.046243,0.002,0.498,0.213333,1.0,0.122759,1.0,0.029
65.0,attacker[2],1,0.021,0.0163,0.064417,0.004,0.501,0.213333,1.0,0.395557,1.0,0.025
66.0,ue[0],0,0.008,0.0087,0.045977,0.002,0.502,0.216667,1.0,0.0,1.0,0.018
66.0,ue[1],0,0.01,0.0109,0.045872,0.001,0.499083,0.216667,1.0,0.0,1.0,0.022
66.0,ue[2],0,0.018,0.0119,0.07563,0.001,0.50225,0.216667,1.0,0.110004,1.0,0.018
66.0,ue[3],0,0.01,0.0102,0.04902,0.002,0.500833,0.216667,1.0,0.0,1.0,0.015
66.0,ue[4],0,0.011,0.0087,0.063218,0.001,0.50225,0.216667,1.0,0.0,1.0,0.019
66.0,attacker[0],1,0.019,0.015,0.063333,0.006,0.5015,0.216667,1.0,0.146672,1.0,0.027
66.0,attacker[1],1,0.022,0.0178,0.061798,0.006,0.501167,0.216667,1.0,0.256676,1.0,0.029
66.0,attacker[2],1,0.022,0.0166,0.066265,0.001,0.502083,0.216667,1.0,0.256676,1.0,0.025
67.0,ue[0],0,0.013,0.0089,0.073034,0.005,0.501583,0.22,1.0,0.011644,1.0,0.018
67.0,ue[1],0,0.01,0.0112,0.044643,0.0,0.4985,0.22,1.0,0.0,1.0,0.022
67.0,ue[2],0,0.011,0.0122,0.045082,0.007,0.50075,0.22,1.0,0.0,1.0,0.018
67.0,ue[3],0,0.009,0.01,0.045,0.001,0.499583,0.22,1.0,0.0,1.0,0.015
67.0,ue[4],0,0.006,0.0085,0.035294,0.005,0.500583,0.22,1.0,0.0,1.0,0.019
67.0,attacker[0],1,0.018,0.015,0.06,0.001,0.502917,0.22,1.0,0.244533,1.0,0.027
67.0,attacker[1],1,0.016,0.0176,0.045455,0.006,0.502,0.22,1.0,0.151378,1.0,0.029
67.0,attacker[2],1,0.019,0.017,0.055882,0.003,0.500417,0.22,1.0,0.291111,1.0,0.025
68.0,ue[0],0,0.003,0.0083,0.018072,0.01,0.499667,0.223333,1.0,0.0,1.0,0.018
68.0,ue[1],0,0.011,0.0116,0.047414,0.001,0.499917,0.223333,1.0,0.0,1.0,0.022
68.0,ue[2],0,0.008,0.0119,0.033613,0.003,0.49625,0.223333,1.0,0.0,1.0,0.018
68.0,ue[3],0,0.009,0.0101,0.044554,0.0,0.499167,0.223333,1.0,0.0,1.0,0.015
68.0,ue[4],0,0.009,0.0087,0.051724,0.003,0.49925,0.223333,1.0,0.0,1.0,0.019
68.0,attacker[0],1,0.023,0.016,0.071875,0.005,0.503583,0.223333,1.0,0.344504,1.0,0.027
68.0,attacker[1],1,0.013,0.0174,0.037356,0.003,0.498583,0.223333,1.0,0.027719,1.0,0.029
68.0,attacker[2],1,0.021,0.018,0.058333,0.002,0.5,0.223333,1.0,0.281147,1.0,0.025
69.0,ue[0],0,0.014,0.0089,0.078652,0.011,0.499083,0.226667,1.0,0.076406,1.0,0.018
69.0,ue[1],0,0.007,0.0118,0.029661,0.004,0.499333,0.226667,1.0,0.0,1.0,0.022
69.0,ue[2],0,0.004,0.0113,0.017699,0.004,0.495333,0.226667,1.0,0.0,1.0,0.018
69.0,ue[3],0,0.009,0.0098,0.045918,0.0,0.499333,0.226667,1.0,0.0,1.0,0.015
69.0,ue[4],0,0.008,0.0081,0.049383,0.001,0.49975,0.226667,1.0,0.0,1.0,0.019
69.0,attacker[0],1,0.016,0.0158,0.050633,0.007,0.501417,0.226667,1.0,0.144322,1.0,0.027
69.0,attacker[1],1,0.012,0.0163,0.03681,0.001,0.49725,0.226667,1.0,0.00849,1.0,0.029
69.0,attacker[2],1,0.024,0.0183,0.065574,0.003,0.500917,0.226667,1.0,0.415987,1.0,0.025
70.0,ue[0],0,0.007,0.0086,0.040698,0.007,0.50125,0.23,1.0,0.0,1.0,0.018
70.0,ue[1],0,0.009,0.0114,0.039474,0.002,0.498833,0.23,1.0,0.0,1.0,0.022
70.0,ue[2],0,0.008,0.0114,0.035088,0.004,0.496833,0.23,1.0,0.0,1.0,0.018
70.0,ue[3],0,0.005,0.0094,0.026596,0.004,0.498833,0.23,1.0,0.0,1.0,0.015
70.0,ue[4],0,0.009,0.0082,0.054878,0.001,0.499917,0.23,1.0,0.0,1.0,0.019
70.0,attacker[0],1,0.023,0.0168,0.068452,0.007,0.49975,0.23,1.0,0.414358,1.0,0.027
70.0,attacker[1],1,0.017,0.0167,0.050898,0.005,0.49875,0.23,1.0,0.200496,1.0,0.029
70.0,attacker[2],1,0.013,0.0188,0.034574,0.011,0.498917,0.23,1.0,0.057921,1.0,0.025
71.0,ue[0],0,0.003,0.0073,0.020548,0.004,0.4975,0.233333,1.0,0.0,1.0,0.018
71.0,ue[1],0,0.01,0.0105,0.047619,0.001,0.500083,0.233333,1.0,0.0,1.0,0.022
71.0,ue[2],0,0.009,0.0114,0.039474,0.001,0.500417,0.233333,1.0,0.0,1.0,0.018
71.0,ue[3],0,0.005,0.0087,0.028736,0.0,0.498,0.233333,1.0,0.0,1.0,0.015
71.0,ue[4],0,0.009,0.008,0.05625,0.0,0.500667,0.233333,1.0,0.0,1.0,0.019
71.0,attacker[0],1,0.019,0.017,0.055882,0.004,0.501,0.233333,1.0,0.273205,1.0,0.027
71.0,attacker[1],1,0.017,0.0163,0.052147,0.0,0.501667,0.233333,1.0,0.2027,1.0,0.029
71.0,attacker[2],1,0.018,0.019,0.047368,0.005,0.497083,0.233333,1.0,0.237952,1.0,0.025
